{
  "schemaVersion": "1.0.0",
  "readme": "",
  "modules": [
    {
      "kind": "javascript-module",
      "path": "src/blog-digital.js",
      "declarations": [
        {
          "kind": "class",
          "description": "",
          "name": "BlogDigital",
          "members": [
            {
              "kind": "field",
              "name": "header",
              "type": {
                "text": "string"
              },
              "default": "'My app'",
              "privacy": "public",
              "attribute": "header"
            }
          ],
          "attributes": [
            {
              "name": "header",
              "fieldName": "header"
            }
          ],
          "superclass": {
            "name": "LitElement",
            "package": "lit"
          },
          "tagName": "blog-digital",
          "customElement": true
        }
      ],
      "exports": [
        {
          "kind": "custom-element-definition",
          "name": "blog-digital",
          "declaration": {
            "name": "BlogDigital",
            "module": "src/blog-digital.js"
          }
        }
      ]
    }
  ]
}
